,id,targetphoto
2,BUY,monkeys/baboon_targetphotos/BUY.IMG_4926.JPG
3,BUY,monkeys/baboon_targetphotos/BUY.IMG_4930.JPG
4,BUY,monkeys/baboon_targetphotos/BUY.IMG_4931.JPG
5,BUY,monkeys/baboon_targetphotos/BUY.IMG_4943.JPG
6,BUY,monkeys/baboon_targetphotos/BUY.IMG_4944.JPG
7,BUY,monkeys/baboon_targetphotos/BUY.IMG_4948.JPG
8,BUY,monkeys/baboon_targetphotos/BUY.IMG_8451.JPG
9,BUY,monkeys/baboon_targetphotos/BUY.IMG_8460.JPG
10,BUY,monkeys/baboon_targetphotos/BUY.IMG_8875.JPG
11,BUY,monkeys/baboon_targetphotos/BUY.IMG_8908.JPG
12,CMP,monkeys/baboon_targetphotos/CMP.CMP_20210412_PLP1_IMG_1939.JPG
13,CMP,monkeys/baboon_targetphotos/CMP.CMP_20210613_PLP1_IMG_7929.JPG
14,CMP,monkeys/baboon_targetphotos/CMP.CMP_20210713_PLP1_IMG_9387.JPG
15,CMP,monkeys/baboon_targetphotos/CMP.CMP_20210713_PLP1_IMG_9530.JPG
16,CMP,monkeys/baboon_targetphotos/CMP.CMP_20210713_PLP1_IMG_9568.JPG
17,CMP,monkeys/baboon_targetphotos/CMP.IMG_2873.JPG
18,CMP,monkeys/baboon_targetphotos/CMP.IMG_5269.JPG
19,CMP,monkeys/baboon_targetphotos/CMP.IMG_9127.JPG
20,CMP,monkeys/baboon_targetphotos/CMP.IMG_9140.JPG
21,CNL,monkeys/baboon_targetphotos/CNL.CNL_20210412_PLP1_IMG_2111.JPG
22,CNL,monkeys/baboon_targetphotos/CNL.CNL_20210506_PLP1_IMG_3441.JPG
23,CNL,monkeys/baboon_targetphotos/CNL.CNL_20210607_PLP1_IMG_5716.JPG
24,CNL,monkeys/baboon_targetphotos/CNL.CNL_20210607_PLP1_IMG_5725.JPG
25,CNL,monkeys/baboon_targetphotos/CNL.CNL_20210607_PLP1_IMG_5750.JPG
26,CNL,monkeys/baboon_targetphotos/CNL.CNL_20210607_PLP1_IMG_6113.JPG
27,CNL,monkeys/baboon_targetphotos/CNL.CNL_20210607_PLP1_IMG_6157.JPG
28,CNL,monkeys/baboon_targetphotos/CNL.CNL_20210705_PLP1_IMG_9159.JPG
29,CNL,monkeys/baboon_targetphotos/CNL.IMG_1925.JPG
30,CNL,monkeys/baboon_targetphotos/CNL_20210607_PLP1_IMG_4970.JPG
31,DIT,monkeys/baboon_targetphotos/DIT.DIT_20210410_PLP1_IMG_9887.JPG
32,DIT,monkeys/baboon_targetphotos/DIT.DIT_20210410_PLP1_IMG_9894.JPG
33,DIT,monkeys/baboon_targetphotos/DIT.DIT_20210506_PLP1_IMG_2813.JPG
34,DIT,monkeys/baboon_targetphotos/DIT.DIT_20210506_PLP1_IMG_2965.JPG
35,DIT,monkeys/baboon_targetphotos/DIT.DIT_20210506_PLP1_IMG_3010.JPG
36,DIT,monkeys/baboon_targetphotos/DIT.DIT_20210607_PLP1_IMG_6107.JPG
37,DIT,monkeys/baboon_targetphotos/DIT.DIT_20210705_PLP1_IMG_8976.JPG
38,DIT,monkeys/baboon_targetphotos/DIT.IMG_8857.JPG
39,DIT,monkeys/baboon_targetphotos/DIT.IMG_8866.JPG
40,DIT,monkeys/baboon_targetphotos/DIT_20210705_PLP1_IMG_8914.JPG
41,EFF,monkeys/baboon_targetphotos/EFF.EFF_20210410_PLP1_IMG_0061.JPG
42,EFF,monkeys/baboon_targetphotos/EFF.EFF_20210410_PLP1_IMG_0310.JPG
43,EFF,monkeys/baboon_targetphotos/EFF.EFF_20210506_PLP1_IMG_3113.JPG
44,EFF,monkeys/baboon_targetphotos/EFF.EFF_20210506_PLP1_IMG_3123.JPG
45,EFF,monkeys/baboon_targetphotos/EFF.EFF_20210804_PLP1_IMG_1748.JPG
46,EFF,monkeys/baboon_targetphotos/EFF.IMG_1012.JPG
47,EFF,monkeys/baboon_targetphotos/EFF.IMG_1918.JPG
48,EFF,monkeys/baboon_targetphotos/EFF.IMG_7327.JPG
49,EFF,monkeys/baboon_targetphotos/EFF.IMG_7343.JPG
50,EFF,monkeys/baboon_targetphotos/EFF_20210410_PLP1_IMG_0030.JPG
51,KHL,monkeys/baboon_targetphotos/KHL.IMG_1266.JPG
52,KHL,monkeys/baboon_targetphotos/KHL.IMG_2548.JPG
53,KHL,monkeys/baboon_targetphotos/KHL.IMG_7153.JPG
54,KHL,monkeys/baboon_targetphotos/KHL.IMG_9241.JPG
55,KHL,monkeys/baboon_targetphotos/KHL.IMG_9270.JPG
56,KHL,monkeys/baboon_targetphotos/KHL.KHL_20210411_PLP1_IMG_0596.JPG
57,KHL,monkeys/baboon_targetphotos/KHL.KHL_20210609_PLP1_IMG_6778.JPG
58,KHL,monkeys/baboon_targetphotos/KHL.KHL_20210714_PLP1_IMG_0330.JPG
59,KHL,monkeys/baboon_targetphotos/KHL.KHL_20210818_PLP1_IMG_6287.JPG
60,KHL,monkeys/baboon_targetphotos/KHL.KHL_20210820_PLP1_IMG_7182.JPG
61,ORN,monkeys/baboon_targetphotos/ORN.IMG_6234.JPG
62,ORN,monkeys/baboon_targetphotos/ORN.IMG_8613.JPG
63,ORN,monkeys/baboon_targetphotos/ORN.IMG_8621.JPG
64,ORN,monkeys/baboon_targetphotos/ORN.IMG_8624.JPG
65,ORN,monkeys/baboon_targetphotos/ORN.IMG_8626.JPG
66,PIF,monkeys/baboon_targetphotos/PIF.IMG_1244.JPG
67,PIF,monkeys/baboon_targetphotos/PIF.IMG_2884.JPG
68,PIF,monkeys/baboon_targetphotos/PIF.IMG_7783.JPG
69,PIF,monkeys/baboon_targetphotos/PIF.IMG_7790.JPG
70,PIF,monkeys/baboon_targetphotos/PIF.PIF_20210411_PLP1_IMG_0824.JPG
71,PIF,monkeys/baboon_targetphotos/PIF.PIF_20210411_PLP1_IMG_0832.JPG
72,PIF,monkeys/baboon_targetphotos/PIF.PIF_20210508_PLP1_IMG_4778.JPG
73,PIF,monkeys/baboon_targetphotos/PIF.PIF_20210609_PLP1_IMG_7220.JPG
74,PIF,monkeys/baboon_targetphotos/PIF.PIF_20210714_PLP1_IMG_0138.JPG
75,PIF,monkeys/baboon_targetphotos/PIF.PIF_20210815_PLP1_IMG_5663.JPG
76,PLR,monkeys/baboon_targetphotos/PLR.IMG_2908.JPG
77,PLR,monkeys/baboon_targetphotos/PLR.IMG_7019.JPG
78,PLR,monkeys/baboon_targetphotos/PLR.PLR_20210607_PLP1_IMG_5798.JPG
79,PLR,monkeys/baboon_targetphotos/PLR.PLR_20210607_PLP1_IMG_6274.JPG
80,PLR,monkeys/baboon_targetphotos/PLR.PLR_20210804_PLP1_IMG_1927.JPG
81,PLR,monkeys/baboon_targetphotos/PLR.PLR_20210804_PLP1_IMG_2076.JPG
82,PLR,monkeys/baboon_targetphotos/PLR_20210607_PLP1_IMG_5823.JPG
83,PLR,monkeys/baboon_targetphotos/PLR_20210607_PLP1_IMG_6294.JPG
84,PLR,monkeys/baboon_targetphotos/PLR_20210804_PLP1_IMG_2080.JPG
85,PLR,monkeys/baboon_targetphotos/PLR_20210804_PLP1_IMG_2173.JPG
86,QNN,monkeys/baboon_targetphotos/QNN.IMG_1060.JPG
87,QNN,monkeys/baboon_targetphotos/QNN.IMG_1071.JPG
88,QNN,monkeys/baboon_targetphotos/QNN.IMG_8254.JPG
89,QNN,monkeys/baboon_targetphotos/QNN.IMG_8287.JPG
90,QNN,monkeys/baboon_targetphotos/QNN.IMG_8292.JPG
91,QNN,monkeys/baboon_targetphotos/QNN.IMG_8295.JPG
92,QNN,monkeys/baboon_targetphotos/QNN.IMG_8302.JPG
93,QNN,monkeys/baboon_targetphotos/QNN.IMG_8311.JPG
94,QNN,monkeys/baboon_targetphotos/QNN.IMG_8314.JPG
95,QNN,monkeys/baboon_targetphotos/QNN.IMG_8317.JPG
96,SCK,monkeys/baboon_targetphotos/SCK.IMG_0008.JPG
97,SCK,monkeys/baboon_targetphotos/SCK.IMG_1048.JPG
98,SCK,monkeys/baboon_targetphotos/SCK.IMG_1058.JPG
99,SCK,monkeys/baboon_targetphotos/SCK.IMG_2628.JPG
100,SCK,monkeys/baboon_targetphotos/SCK.IMG_8306.JPG
101,SCK,monkeys/baboon_targetphotos/SCK.IMG_8707.JPG
102,SCK,monkeys/baboon_targetphotos/SCK.SCK_20210609_PLP1_IMG_6623.JPG
103,SCK,monkeys/baboon_targetphotos/SCK.SCK_20210715_PLP1_IMG_0673.JPG
104,SCK,monkeys/baboon_targetphotos/SCK_20210609_PLP1_IMG_6609.JPG
105,SCK,monkeys/baboon_targetphotos/SCK_20210816_PLP1_IMG_5966.JPG
106,TNK,monkeys/baboon_targetphotos/TNK.IMG_2262.JPG
107,TNK,monkeys/baboon_targetphotos/TNK.IMG_6435.JPG
108,TNK,monkeys/baboon_targetphotos/TNK.IMG_7343.JPG
109,TNK,monkeys/baboon_targetphotos/TNK.IMG_8570.JPG
110,TNK,monkeys/baboon_targetphotos/TNK.TNK_20210411_PLP1_IMG_0885.JPG
111,TNK,monkeys/baboon_targetphotos/TNK.TNK_20210506_PLP1_IMG_3344.JPG
112,TNK,monkeys/baboon_targetphotos/TNK.TNK_20210714_PLP1_IMG_0100.JPG
113,TNK,monkeys/baboon_targetphotos/TNK.TNK_20210814_PLP1_IMG_4769.JPG
114,TNK,monkeys/baboon_targetphotos/TNK_20210609_PLP1_IMG_7283.JPG
115,TNK,monkeys/baboon_targetphotos/TNK_20210714_PLP1_IMG_0042.JPG
116,VDT,monkeys/baboon_targetphotos/VDT.IMG_8068.JPG
117,VDT,monkeys/baboon_targetphotos/VDT.IMG_8073.JPG
118,VDT,monkeys/baboon_targetphotos/VDT.IMG_8078.JPG
119,VDT,monkeys/baboon_targetphotos/VDT.IMG_8094.JPG
120,VDT,monkeys/baboon_targetphotos/VDT.IMG_8100.JPG
121,XLA,monkeys/baboon_targetphotos/XLA.IMG_2750.JPG
122,XLA,monkeys/baboon_targetphotos/XLA.IMG_2770.JPG
123,XLA,monkeys/baboon_targetphotos/XLA.XLA_20210410_PLP1_IMG_0348.JPG
124,XLA,monkeys/baboon_targetphotos/XLA.XLA_20210410_PLP1_IMG_0367.JPG
125,XLA,monkeys/baboon_targetphotos/XLA.XLA_20210410_PLP1_IMG_0379.JPG
126,XLA,monkeys/baboon_targetphotos/XLA.XLA_20210506_PLP1_IMG_3082.JPG
127,XLA,monkeys/baboon_targetphotos/XLA.XLA_20210607_PLP1_IMG_5030.JPG
128,XLA,monkeys/baboon_targetphotos/XLA.XLA_20210607_PLP1_IMG_5051.JPG
129,XLA,monkeys/baboon_targetphotos/XLA.XLA_20210705_PLP1_IMG_8993.JPG
130,XLA,monkeys/baboon_targetphotos/XLA.XLA_20210705_PLP1_IMG_9015.JPG
131,YSH,monkeys/baboon_targetphotos/YSH.IMG_3542.JPG
132,YSH,monkeys/baboon_targetphotos/YSH.IMG_3545.JPG
133,YSH,monkeys/baboon_targetphotos/YSH.IMG_3549.JPG
134,YSH,monkeys/baboon_targetphotos/YSH.IMG_3551.JPG
135,YSH,monkeys/baboon_targetphotos/YSH.IMG_3555.JPG
136,YSH,monkeys/baboon_targetphotos/YSH.IMG_3559.JPG
137,ZZU,monkeys/baboon_targetphotos/ZZU.IMG_0575.JPG
138,ZZU,monkeys/baboon_targetphotos/ZZU.IMG_6472.JPG
139,ZZU,monkeys/baboon_targetphotos/ZZU.IMG_6570.JPG
140,ZZU,monkeys/baboon_targetphotos/ZZU.IMG_6580.JPG
141,ZZU,monkeys/baboon_targetphotos/ZZU.IMG_8770.JPG
142,ZZU,monkeys/baboon_targetphotos/ZZU.ZZU_20210412_PLP1_IMG_1550.JPG
143,ZZU,monkeys/baboon_targetphotos/ZZU.ZZU_20210412_PLP1_IMG_1619.JPG
144,ZZU,monkeys/baboon_targetphotos/ZZU.ZZU_20210507_PLP1_IMG_3824.JPG
145,ZZU,monkeys/baboon_targetphotos/ZZU.ZZU_20210816_PLP1_IMG_5782.JPG
146,ZZU,monkeys/baboon_targetphotos/ZZU_20210818_PLP1_IMG_6446.JPG
